name,value
resnet_50,100.0
wide_resnet_50,100.0
resnet_152,100.0
googlenet,87.87878787878788
densenet_121,86.11111111111111
alexnet,83.33333333333334
vgg_16,83.33333333333334
resnet_18,77.77777777777779
resnext_50,74.07407407407408
inception_v3,72.72727272727273
mobilenet_v2,28.125
mobilenet_v3,23.076923076923077
