name,value
ResNet50,100.0
WideResNet50,100.0
ResNet152,100.0
GoogleNet,87.87878787878788
DenseNet121,86.11111111111111
AlexNet,83.33333333333334
VGG16,83.33333333333334
ResNet18,77.77777777777779
ResNeXt50,74.07407407407408
InceptionV3,72.72727272727273
MobileNetV2,28.125
MobileNetV3,23.076923076923077
